Date,Name,Year,Letterboxd URI
2024-08-20,TÁR,2022,https://boxd.it/uNIA
2024-08-20,The Menu,2022,https://boxd.it/lScm
2024-08-20,Us,2019,https://boxd.it/gnV6
2024-08-20,Nope,2022,https://boxd.it/sDCe
2024-08-20,Jojo Rabbit,2019,https://boxd.it/iEBG
"2024-08-20,""Three Billboards Outside Ebbing, Missouri"",2017,https://boxd.it/ceBS"
2024-08-20,Kendrick Lamar Live: The Big Steppers Tour,2022,https://boxd.it/C3rE
2024-08-20,Drive My Car,2021,https://boxd.it/sv94
2024-08-20,Mars One,2022,https://boxd.it/yoPa
2024-08-20,Threads,1984,https://boxd.it/1I0g
2024-08-20,Testament,1983,https://boxd.it/1CcK
2024-08-20,The Day After,1983,https://boxd.it/21cg
2024-08-20,Bon Iver: Autumn,2019,https://boxd.it/mVjW
2024-08-20,Loro,2018,https://boxd.it/jKqw
2024-08-20,Rush: Time Stand Still,2016,https://boxd.it/f0tG
2024-08-20,Mulholland Drive,2001,https://boxd.it/297o
"2024-08-20,""Black God, White Devil"",1964,https://boxd.it/2fmY"
2024-08-20,Entranced Earth,1967,https://boxd.it/qkU
2024-08-20,The Age of the Earth,1980,https://boxd.it/2EAG
2024-08-20,The Lion Has Seven Heads,1970,https://boxd.it/5Fda
2024-08-20,The Year My Parents Went on Vacation,2006,https://boxd.it/1O8A
2024-08-20,Rock'n Roll,2017,https://boxd.it/dk7m
2024-08-20,The Big Blue,1988,https://boxd.it/2aX6
2024-08-20,Soul,2020,https://boxd.it/ioLA
2024-08-20,Le Samouraï,1967,https://boxd.it/22ZI
2024-08-20,No Man's Land,2001,https://boxd.it/20kI
2024-08-20,No Man's Land,2020,https://boxd.it/pjdW
2024-08-20,Sorry We Missed You,2019,https://boxd.it/iXBg
2024-08-20,Miami Vice,2006,https://boxd.it/2bbW
2024-08-20,The Other Guys,2010,https://boxd.it/1rtq
2024-08-20,Mean Streets,1973,https://boxd.it/2aSU
2024-08-20,Close Encounters of the Third Kind,1977,https://boxd.it/29u8
2024-08-20,Ford v Ferrari,2019,https://boxd.it/ce74
2024-08-20,Ferrari,2023,https://boxd.it/cEtq
2024-08-20,The Game,1997,https://boxd.it/26vC
2024-08-23,Aftersun,2022,https://boxd.it/Arw0
"2024-08-23,""Basic Sanitation, the Movie"",2007,https://boxd.it/1oC"
2024-08-23,Killers of the Flower Moon,2023,https://boxd.it/gHp0
2024-08-23,The Fabelmans,2022,https://boxd.it/ugoM
2024-08-23,Creed III,2023,https://boxd.it/pf68
2024-09-01,Kinds of Kindness,2024,https://boxd.it/CWPw
2024-09-01,Poor Things,2023,https://boxd.it/tNWU
2024-10-03,Megalopolis,2024,https://boxd.it/lPBS
2024-10-03,Heat,1995,https://boxd.it/2bg8
2024-10-03,Casino,1995,https://boxd.it/2ads
2024-10-04,Gladiator,2000,https://boxd.it/2b9m
2024-10-04,Gladiator II,2024,https://boxd.it/kqQQ
2024-10-15,Parthenope,2024,https://boxd.it/FWo2
2024-11-20,The Zone of Interest,2023,https://boxd.it/gJsA
2024-12-07,Naples to New York,2024,https://boxd.it/G5Mi
2025-01-10,Nosferatu,2024,https://boxd.it/f5eG
2025-01-12,Incendies,2010,https://boxd.it/Msm
2025-01-15,The Substance,2024,https://boxd.it/zanS
2025-03-03,No Other Land,2024,https://boxd.it/KOTG
2025-06-13,Perfect Days,2023,https://boxd.it/ATh8
2025-07-01,F1 The Movie,2025,https://boxd.it/yjVM
2025-07-01,A Star Is Born,2018,https://boxd.it/aXgc
2025-07-01,Dead Poets Society,1989,https://boxd.it/2aSg
2025-07-01,Latin Blood – The Ballad of Ney Matogrosso,2025,https://boxd.it/JZCY
2025-07-01,Belfast,2021,https://boxd.it/tefG
2025-07-01,Brooklyn,2015,https://boxd.it/5bdk
2025-07-01,Boyhood,2014,https://boxd.it/3178
2025-07-01,All Quiet on the Western Front,2022,https://boxd.it/H08
2025-07-01,The Banshees of Inisherin,2022,https://boxd.it/p7XS
2025-07-01,The Whale,2022,https://boxd.it/tw4c
2025-07-01,CODA,2021,https://boxd.it/tbf4
2025-07-01,West Side Story,2021,https://boxd.it/iwt0
2025-07-01,King Richard,2021,https://boxd.it/mJZ2
